{
  "name": "ratios",
  "comment": "",
  "comment1": "XSPEC model parameters for nuskybgd modelling",
  "comment2": "Models must be entered sequentially.",
  "models": [
    {
      "name": "2:apbgd",
      "formula": "cutoffpl",
      "components": {
        "cutoffpl":
        {
          "A": {
            "phoindex": 1.29,
            "highecut": 41.13
          },
          "B": {
            "phoindex": 1.29,
            "highecut": 41.13
          }
        }
      }
    },
    {
      "name": "3:intbgd",
      "formula": "{apec}+{l1}+{l2}+{l3}+{l4}+{l5}+{l6}+{l7}+{l8}+{l9}+{l10}+{l11}+{l12}+{l13}+{l14}+{l15}+{l16}+{l17}+{l18}+{l19}+{l20}+{l21}+{l22}+{l23}+{l24}+{l25}+{l26}+{l27}+{l28}+{l29}",
      "components": {
        "apec":
        {
          "A": {
            "kt": 1.145790,
            "abundanc": 1.326920,
            "redshift": 0.0,
            "ifactors": [2.11015E-01, 1.79366E-01, 2.05212E-01, 3.53650E-01]
          },
          "B": {
            "kt": 1.145790,
            "abundanc": 1.326920,
            "redshift": 0.0,
            "ifactors": [2.33829E-01, 2.19812E-01, 1.63645E-01, 2.21286E-01]
          }
        },
        "lorentz":
        {
          "A": {
            "linee": 3.538950,
            "width": 0.425422,
            "ifactors": [1.43445E-03, 1.50726E-03, 2.15216E-03, 1.50485E-03]
          },
          "B": {
            "linee": 3.538950,
            "width": 0.425422,
            "ifactors": [1.65621E-03, 1.62752E-03, 1.47117E-03, 2.28166E-03]
          }
        },
        "lorentz_3":
        {
          "A": {
            "linee": 4.514070,
            "width": 0.544324,
            "ifactors": [7.32526E-04, 6.23066E-04, 1.73885E-03, 1.33305E-03]
          },
          "B": {
            "linee": 4.514070,
            "width": 0.544324,
            "ifactors": [1.63390E-03, 1.17334E-03, 8.38827E-04, 1.70520E-03]
          }
        },
        "lorentz_4":
        {
          "A": {
            "linee": 10.202600,
            "width": 0.641196,
            "ifactors": [3.23022E-05, 6.38838E-18, 3.97944E-04, 5.05885E-04]
          },
          "B": {
            "linee": 10.202600,
            "width": 0.641196,
            "ifactors": [2.77013E-04, 1.74977E-04, 1.32940E-04, 3.15236E-04]
          }
        },
        "lorentz_5":
        {
          "A": {
            "linee": 19.646400,
            "width": 0.229493,
            "ifactors": [1.35376E-04, 2.63465E-05, 1.00777E-04, 1.95991E-04]
          },
          "B": {
            "linee": 19.646400,
            "width": 0.229493,
            "ifactors": [5.98674E-05, 5.58743E-05, 1.45746E-04, 9.67677E-05]
          }
        },
        "lorentz_6":
        {
          "A": {
            "linee": 21.894100,
            "width": 0.572821,
            "ifactors": [3.39221E-04, 2.61833E-04, 4.63036E-04, 8.02283E-04]
          },
          "B": {
            "linee": 21.894100,
            "width": 0.572821,
            "ifactors": [2.63659E-04, 3.82365E-04, 4.86913E-04, 3.41468E-04]
          }
        },
        "lorentz_7":
        {
          "A": {
            "linee": 22.971500,
            "width": 0.145796,
            "ifactors": [4.34728E-04, 3.45635E-04, 3.97302E-04, 5.16245E-04]
          },
          "B": {
            "linee": 22.971500,
            "width": 0.145796,
            "ifactors": [3.87465E-04, 3.84337E-04, 5.25127E-04, 3.90465E-04]
          }
        },
        "lorentz_8":
        {
          "A": {
            "linee": 24.747601,
            "width": 1.959200,
            "ifactors": [3.15271E-03, 2.55700E-03, 4.22371E-03, 5.51261E-03]
          },
          "B": {
            "linee": 24.747601,
            "width": 1.959200,
            "ifactors": [2.81541E-03, 3.09947E-03, 3.62048E-03, 2.96573E-03]
          }
        },
        "lorentz_9":
        {
          "A": {
            "linee": 25.298800,
            "width": 0.154349,
            "ifactors": [1.06995E-03, 8.65999E-04, 7.82689E-04, 6.70467E-04]
          },
          "B": {
            "linee": 25.298800,
            "width": 0.154349,
            "ifactors": [1.15317E-03, 1.13236E-03, 1.28936E-03, 1.04390E-03]
          }
        },
        "lorentz_10":
        {
          "A": {
            "linee": 27.748699,
            "width": 1.713160,
            "ifactors": [2.41784E-03, 2.03409E-03, 1.20129E-20, 2.17344E-19]
          },
          "B": {
            "linee": 27.748699,
            "width": 1.713160,
            "ifactors": [2.06298E-03, 2.24463E-03, 2.35352E-03, 2.23354E-03]
          }
        },
        "lorentz_11":
        {
          "A": {
            "linee": 28.077900,
            "width": 2.060860,
            "ifactors": [1.08602E-16, 3.18662E-15, 4.76755E-03, 4.56988E-03]
          },
          "B": {
            "linee": 28.077900,
            "width": 2.060860,
            "ifactors": [6.99627E-20, 6.99627E-20, 6.99627E-20, 6.99627E-20]
          }
        },
        "lorentz_12":
        {
          "A": {
            "linee": 28.545000,
            "width": 0.271197,
            "ifactors": [3.37731E-03, 3.66962E-03, 2.31102E-03, 2.48825E-03]
          },
          "B": {
            "linee": 28.545000,
            "width": 0.271197,
            "ifactors": [3.76338E-03, 3.55256E-03, 3.45831E-03, 3.38079E-03]
          }
        },
        "lorentz_13":
        {
          "A": {
            "linee": 30.174299,
            "width": 0.708984,
            "ifactors": [1.47114E-03, 1.21028E-03, 1.86650E-03, 2.09115E-03]
          },
          "B": {
            "linee": 30.174299,
            "width": 0.708984,
            "ifactors": [1.21976E-03, 1.09636E-03, 1.38213E-03, 1.28245E-03]
          }
        },
        "lorentz_14":
        {
          "A": {
            "linee": 30.855801,
            "width": 0.454891,
            "ifactors": [4.45164E-03, 4.43588E-03, 3.82681E-03, 3.58903E-03]
          },
          "B": {
            "linee": 30.855801,
            "width": 0.454891,
            "ifactors": [4.41966E-03, 4.61658E-03, 4.53475E-03, 4.24173E-03]
          }
        },
        "lorentz_15":
        {
          "A": {
            "linee": 32.188099,
            "width": 0.855537,
            "ifactors": [1.51049E-03, 1.28358E-03, 1.65452E-03, 1.94113E-03]
          },
          "B": {
            "linee": 32.188099,
            "width": 0.855537,
            "ifactors": [1.63897E-03, 1.53426E-03, 1.49425E-03, 1.46201E-03]
          }
        },
        "lorentz_16":
        {
          "A": {
            "linee": 35.029099,
            "width": 0.824817,
            "ifactors": [7.73722E-04, 8.60190E-04, 8.59988E-04, 6.14702E-04]
          },
          "B": {
            "linee": 35.029099,
            "width": 0.824817,
            "ifactors": [8.26945E-04, 7.94700E-04, 7.07932E-04, 7.92166E-04]
          }
        },
        "lorentz_17":
        {
          "A": {
            "linee": 39.253101,
            "width": 9.130190,
            "ifactors": [5.55361E-03, 3.50430E-03, 6.97085E-03, 7.29231E-03]
          },
          "B": {
            "linee": 39.253101,
            "width": 9.130190,
            "ifactors": [5.71224E-03, 5.31771E-03, 5.72864E-03, 5.89434E-03]
          }
        },
        "lorentz_18":
        {
          "A": {
            "linee": 39.399300,
            "width": 0.515074,
            "ifactors": [7.35801E-04, 6.83207E-04, 7.44000E-04, 1.01799E-03]
          },
          "B": {
            "linee": 39.399300,
            "width": 0.515074,
            "ifactors": [7.18980E-04, 7.63242E-04, 8.59733E-04, 8.51869E-04]
          }
        },
        "lorentz_19":
        {
          "A": {
            "linee": 47.555599,
            "width": 6.821070,
            "ifactors": [4.06126E-03, 2.99158E-03, 4.43754E-03, 4.04712E-03]
          },
          "B": {
            "linee": 47.555599,
            "width": 6.821070,